<?xml version="1.0" encoding="utf-8"?>
<!--/552225/1174061/2.50/2/4/Switch/-->
<quadcept_library>
  <setting unit="mil" />
  <textstyle name="Default" height="47.244094488189" strokewidth="7.8740157480315" charwidth="47.244094488189" />
  <textstyle name="Dimension" height="19.6850393700787" strokewidth="0" charwidth="19.6850393700787" />
  <textstyle name="H127W0635TH00762" height="50" strokewidth="3" charwidth="25" />
  <textstyle name="H15W15TH02" height="59.0551181102362" strokewidth="7.8740157480315" charwidth="59.0551181102362" />
  <padstyle name="c200_h130" surface="False" plated="True" isvia="False" nopaste="True" nomask="True" complex="False" holesize="51.181102362204">
    <padshape layer="TOP" shape="round" width="78.740157480314" height="78.740157480314" />
    <padshape layer="TOP_SOLDER_MASK" shape="round" width="86.614173228345" height="86.614173228345" />
    <padshape layer="INNER" shape="round" width="78.740157480314" height="78.740157480314" />
    <padshape layer="BOTTOM" shape="round" width="78.740157480314" height="78.740157480314" />
    <padshape layer="BOTTOM_SOLDER_MASK" shape="round" width="86.614173228345" height="86.614173228345" />
  </padstyle>
  <padstyle name="c155_h100" surface="False" plated="True" isvia="False" nopaste="True" nomask="True" complex="False" holesize="39.370078740157">
    <padshape layer="TOP" shape="round" width="61.023622047243" height="61.023622047243" />
    <padshape layer="TOP_SOLDER_MASK" shape="round" width="68.897637795275" height="68.897637795275" />
    <padshape layer="INNER" shape="round" width="61.023622047243" height="61.023622047243" />
    <padshape layer="BOTTOM" shape="round" width="61.023622047243" height="61.023622047243" />
    <padshape layer="BOTTOM_SOLDER_MASK" shape="round" width="68.897637795275" height="68.897637795275" />
  </padstyle>
  <footprint name="1825027-8" originx="0" originy="0" pickpointx="0" pickpointy="0">
    <pcbpin number="1" name="1" style="c155_h100" originx="-88.582677165353" originy="230.31496062992" rotation="90" />
    <pcbpin number="2" name="2" style="c155_h100" originx="88.582677165353" originy="230.31496062992" rotation="90" />
    <pcbpin number="3" name="3" style="c200_h130" originx="-137.99212598425" originy="328.34645669291" rotation="90" />
    <pcbpin number="4" name="4" style="c200_h130" originx="137.99212598425" originy="328.34645669291" rotation="90" />
    <line layer="TOP_ASSEMBLY" originx="-139.96062992126" originy="388.18897637795" endx="139.96062992126" endy="388.18897637795" width="7.8740157480314" />
    <line layer="TOP_ASSEMBLY" originx="139.96062992126" originy="388.18897637795" endx="139.96062992126" endy="0" width="7.8740157480314" />
    <line layer="TOP_ASSEMBLY" originx="139.96062992126" originy="0" endx="-139.96062992126" endy="0" width="7.8740157480314" />
    <line layer="TOP_ASSEMBLY" originx="-139.96062992126" originy="0" endx="-139.96062992126" endy="388.18897637795" width="7.8740157480314" />
    <line layer="TOP_SILKSCREEN" originx="-139.96062992126" originy="388.18897637795" endx="139.96062992126" endy="388.18897637795" width="7.8740157480314" />
    <line layer="TOP_SILKSCREEN" originx="-139.96062992126" originy="194.09448818897" endx="-139.96062992126" endy="0" width="7.8740157480314" />
    <line layer="TOP_SILKSCREEN" originx="-139.96062992126" originy="0" endx="139.96062992126" endy="0" width="7.8740157480314" />
    <line layer="TOP_SILKSCREEN" originx="139.96062992126" originy="0" endx="139.96062992126" endy="194.09448818897" width="7.8740157480314" />
  </footprint>
  <symbol name="1825027-8" originx="0" originy="0">
    <line originx="200" originy="100" endx="600" endy="100" width="0" />
    <line originx="600" originy="-100" endx="600" endy="100" width="0" />
    <line originx="600" originy="-100" endx="200" endy="-100" width="0" />
    <line originx="200" originy="100" endx="200" endy="-100" width="0" />
    <sympin number="1" originx="200" originy="0" rotation="180" length="100" width="7.8740157480315" flipped="False">
      <text name="pinname" originx="230" originy="0" style="Default" rotation="0" justify="left" flipped="False" hidden="False" data="1" />
      <text name="pindes" originx="140" originy="20" style="Default" rotation="0" justify="lowerright" flipped="False" hidden="False" data="1" />
    </sympin>
    <sympin number="2" originx="600" originy="0" rotation="0" length="100" width="7.8740157480315" flipped="False">
      <text name="pinname" originx="570" originy="0" style="Default" rotation="0" justify="right" flipped="False" hidden="False" data="2" />
      <text name="pindes" originx="660" originy="20" style="Default" rotation="0" justify="lowerleft" flipped="False" hidden="False" data="2" />
    </sympin>
  </symbol>
  <component name="1825027-8" designatorprefix="S" height="0" footprint="1825027-8">
    <comppin designator="1" sympin="1" pinswap="0" gateswap="0" gate="1" group="1" side="" type="Any" name="1" />
    <comppin designator="2" sympin="2" pinswap="0" gateswap="0" gate="1" group="1" side="" type="Any" name="2" />
    <attached_symbol gate="1" name="1825027-8" />
    <pinmap designator="1" footprintpin="1" />
    <pinmap designator="2" footprintpin="2" />
    <text name="Datasheet" originx="0" originy="0" style="Default" rotation="0" justify="" flipped="False" hidden="True" data="http://www.te.com/commerce/DocumentDelivery/DDEController?Action=srchrtrv&amp;DocNm=1825027&amp;DocType=Customer Drawing&amp;DocLang=English" />
    <text name="Description" originx="0" originy="0" style="Default" rotation="0" justify="" flipped="False" hidden="True" data="Tactile Switches R/A TACT 160G PB SWITCH" />
    <text name="Manufacturer_Name" originx="0" originy="0" style="Default" rotation="0" justify="" flipped="False" hidden="True" data="TE Connectivity" />
    <text name="Manufacturer_Part_Number" originx="650" originy="200" style="Default" rotation="0" justify="left" flipped="False" hidden="False" data="1825027-8" />
    <text name="Mouser Part Number" originx="0" originy="0" style="Default" rotation="0" justify="" flipped="False" hidden="True" data="506-1825027-8" />
    <text name="Mouser Price/Stock" originx="0" originy="0" style="Default" rotation="0" justify="" flipped="False" hidden="True" data="https://www.mouser.co.uk/ProductDetail/TE-Connectivity-PB/1825027-8?qs=epcAG6di8sy8nV4XqfkwYg%3D%3D" />
    <text name="Arrow Part Number" originx="0" originy="0" style="Default" rotation="0" justify="" flipped="False" hidden="True" data="1825027-8" />
    <text name="Arrow Price/Stock" originx="0" originy="0" style="Default" rotation="0" justify="" flipped="False" hidden="True" data="https://www.arrow.com/en/products/1825027-8/te-connectivity?region=europe" />
  </component>
</quadcept_library>
